{
	"format_version": "1.8.0",
	"animations": {
		"animation.choruscow.walk": {
			"loop": true,
			"animation_length": 1,
			"bones": {
				"choruscow": {
					"position": [0, 0, 0]
				},
				"body": {
					"rotation": {
						"0.0": [0, 0, 0],
						"0.25": [0, 0, 5],
						"0.5": [0, 0, 0],
						"0.75": [0, 0, -7.5],
						"1.0": [0, 0, 0]
					},
					"position": {
						"0.0": [0, 0, 0],
						"0.25": [0, -1, 0],
						"0.5": [0, 0, 0],
						"0.75": [0, -1, 0],
						"1.0": [0, 0, 0]
					}
				},
				"leg3": {
					"rotation": {
						"0.0": [0, 0, 0],
						"0.25": [-35, 0, 0],
						"0.5": [0, 0, 0],
						"0.75": [30, 0, 0],
						"1.0": [0, 0, 0]
					}
				},
				"leg2": {
					"rotation": {
						"0.0": [0, 0, 0],
						"0.25": [30, 0, 0],
						"0.5": [0, 0, 0],
						"0.75": [-25, 0, 0],
						"1.0": [0, 0, 0]
					}
				},
				"leg1": {
					"rotation": {
						"0.0": [0, 0, 0],
						"0.25": [-37.5, 0, 0],
						"0.5": [0, 0, 0],
						"0.75": [27.5, 0, 0],
						"1.0": [0, 0, 0]
					}
				},
				"leg0": {
					"rotation": {
						"0.0": [0, 0, 0],
						"0.25": [34.87579, 2.32768, -1.28726],
						"0.5": [0, 0, 0],
						"0.75": [-27.5, 0, 0],
						"1.0": [0, 0, 0]
					}
				},
				"leg4": {
					"rotation": {
						"0.0": [0, 0, 0],
						"0.25": [30, 0, 0],
						"0.5": [0, 0, 0],
						"0.75": [-35, 0, 0],
						"1.0": [0, 0, 0]
					}
				}
			}
		}
	}
}