{
	"format_version": "1.8.0",
	"animations": {
		"animation.crystal_golem.attack": {
			"animation_length": 1.5417,
			"bones": {
				"body": {
					"rotation": {
						"0.0": [0, 0, 0],
						"0.5833": [-10, 0, 0],
						"0.9167": [25, 0, 0],
						"0.9583": [23.33, 0, 0],
						"1.5417": [0, 0, 0]
					},
					"position": [0, 0, 0],
					"scale": 1
				},
				"upperbody": {
					"rotation": {
						"0.0": [0, 0, 0],
						"0.5833": [-20, 0, 0],
						"0.9167": [15, 0, 0],
						"0.9583": [21.5, 0, 0],
						"1.5417": [0, 0, 0]
					},
					"position": [0, 0, 0],
					"scale": 1
				},
				"head": {
					"rotation": {
						"0.0": [0, 0, 0],
						"0.5833": [-15, 0, 0],
						"0.8333": [9, 0, 0],
						"0.9583": [-10.5, 0, 0],
						"1.5417": [0, 0, 0]
					},
					"position": {
						"0.0": [0, 0, 0],
						"1.5417": [0, 0, 0]
					},
					"scale": {
						"0.0": [1, 1, 1],
						"1.5417": [1, 1, 1]
					}
				},
				"left_arm": {
					"rotation": {
						"0.0": [0, 0, 0],
						"0.5833": [-157.35459, -6.23857, 6.49981],
						"0.7083": [-150.35459, -6.23857, 6.49981],
						"0.8333": [-162.35459, -6.23857, 6.49981],
						"0.9583": [-87.33181, -22.98202, 4.00132],
						"1.5417": [0, 0, 0]
					},
					"position": [0, 0, 0],
					"scale": {
						"0.0": [1, 1, 1],
						"0.8333": [1, 1, 1],
						"0.9583": [1, 1.2, 1],
						"1.0833": [1, 1, 1],
						"1.5417": [1, 1, 1]
					}
				},
				"right_arm": {
					"rotation": {
						"0.0": [0, 0, 0],
						"0.5833": [-158.29542, 4.08949, -6.65664],
						"0.7083": [-151.03908, 2.22898, -2.00841],
						"0.8333": [-164.03908, 2.22898, -2.00841],
						"0.9583": [-81.92487, 19.2186, -1.40136],
						"1.5417": [0, 0, 0]
					},
					"position": [0, 0, 0],
					"scale": {
						"0.0": [1, 1, 1],
						"0.8333": [1, 1, 1],
						"0.9583": [1, 1.2, 1],
						"1.0833": [1, 1, 1],
						"1.5417": [1, 1, 1]
					}
				},
				"left_leg": {
					"rotation": [0, 0, 0]
				}
			}
		},
		"animation.crystal_golem.walk": {
			"loop": true,
			"bones": {
				"upperbody": {
					"rotation": [0, 0, "math.cos(q.anim_time*180+45)*2"]
				},
				"left_arm": {
					"rotation": ["math.clamp(math.cos(q.anim_time*180+45)*20,-19,19)", 0, 0]
				},
				"right_arm": {
					"rotation": ["math.clamp(-math.cos(q.anim_time*180+45)*20,-19,19)", 0, 0]
				},
				"right_leg": {
					"rotation": ["3+math.cos(q.anim_time*180+45)*20", 0, 0],
					"position": [0, "-math.clamp(math.cos(-200+q.anim_time*180)*1,-1,0)", 0]
				},
				"left_leg": {
					"rotation": ["3-math.cos(q.anim_time*180+45)*20", 0, 0],
					"position": [0, "-math.clamp(math.cos(-200+q.anim_time*180)*-1,-1,0)", 0]
				},
				"head": {
					"rotation": [0, 0, "-math.cos(q.anim_time*180+45)*2"]
				},
				"right_arm_upper": {
					"rotation": [0, 0, "math.cos(q.anim_time*180+45)*2"]
				},
				"left_arm_upper": {
					"rotation": [0, 0, "math.cos(q.anim_time*180+45)*2"]
				}
			}
		},
		"animation.crystal_golem.idle": {
			"loop": true,
			"bones": {
				"upperbody": {
					"position": [0, "math.cos(q.anim_time*100+45)*0.4", 0]
				},
				"left_arm": {
					"rotation": [0, 0, "-math.cos(q.anim_time*100+45)*3"]
				},
				"right_arm": {
					"rotation": [0, 0, "math.cos(q.anim_time*100+45)*3"]
				},
				"head": {
					"position": [0, "math.cos(q.anim_time*100+45)*0.4", 0]
				},
				"right_arm_upper": {
					"position": [0, "math.cos(q.anim_time*100+45)*0.4", 0]
				},
				"left_arm_upper": {
					"position": [0, "math.cos(q.anim_time*100+45)*0.4", 0]
				}
			}
		}
	}
}