{
	"format_version": "1.8.0",
	"animations": {
		"animation.crystal_endermen.idle": {
			"loop": true,
			"animation_length": 3.91667,
			"bones": {
				"leftArm": {
					"rotation": [0, 0, "((math.cos(query.life_time * 103.2) * 2.865) + 2.865) *-1.0"]
				},
				"rightArm": {
					"rotation": [0, 0, "(math.cos(query.life_time * 103.2) * 2.865) + 2.865"]
				}
			}
		},
		"animation.crystal_endermen.scary_face": {
			"loop": true,
			"bones": {
				"hat": {
					"position": [0, -5, 0]
				},
				"head": {
					"position": [0, 5, 0]
				}
			}
		},
		"animation.crystal_endermen.carrying": {
			"loop": true,
			"bones": {
				"leftArm": {
					"rotation": ["-28.65 - this", 0, "-2.87 - this"]
				},
				"rightArm": {
					"rotation": ["-28.65 - this", 0, "2.87 - this"]
				}
			}
		},
		"animation.crystal_endermen.walk": {
			"loop": true,
			"bones": {
				"rightArm": {
					"rotation": ["math.clamp(math.cos(q.anim_time*180+45)*10,-19,19)", 0, 0]
				},
				"leftArm": {
					"rotation": ["math.clamp(-math.cos(q.anim_time*180+45)*10,-19,19)", 0, 0]
				},
				"rightLeg": {
					"rotation": ["0.5-math.cos(q.anim_time*180+45)*8", 0, 0],
					"position": [0, "-math.clamp(math.cos(-200+q.anim_time*180)*-1.5,-1,0)", 0]
				},
				"leftLeg": {
					"rotation": ["0.5+math.cos(q.anim_time*180+45)*8", 0, 0],
					"position": [0, "-math.clamp(math.cos(-200+q.anim_time*180)*1.5,-1,0)", 0]
				}
			}
		},
		"animation.crystal_endermen.attack": {
			"animation_length": 0.5,
			"bones": {
				"rightArm": {
					"rotation": {
						"0.0": [0, 0, 0],
						"0.0417": [-9.47223, 2.52489, 14.79078],
						"0.0833": [-28.23289, 4.76815, 8.80022],
						"0.2083": [-161.56563, 1.58471, -4.74283],
						"0.25": [-165.05452, 1.29256, -4.83045],
						"0.2917": [-172.52822, 0.65182, -4.95744],
						"0.3333": [-167.44642, 1.0894, -4.88017],
						"0.5": [0, 0, 0]
					}
				},
				"leftArm": {
					"rotation": {
						"0.0": [0, 0, 0],
						"0.0417": [-9.35463, -2.93385, -17.25991],
						"0.0833": [-28.23289, -4.76815, -8.80022],
						"0.2083": [-161.56563, -1.58471, 4.74283],
						"0.25": [-167.54608, -1.08089, 4.88206],
						"0.2917": [-172.52822, -0.65182, 4.95744],
						"0.3333": [-167.44642, -1.0894, 4.88017],
						"0.5": [0, 0, 0]
					}
				}
			}
		}
	}
}