{
	"format_version": "1.8.0",
	"animations": {
		"animation.eternalendermen.walk": {
			"loop": true,
			"bones": {
				"rightArm": {
					"rotation": ["math.clamp(math.cos(q.anim_time*180+45)*10,-19,19)", 0, 0]
				},
				"leftArm": {
					"rotation": ["math.clamp(-math.cos(q.anim_time*180+45)*10,-19,19)", 0, 0]
				},
				"rightLeg": {
					"rotation": ["0.5-math.cos(q.anim_time*180+45)*8", 0, 0],
					"position": [0, "-math.clamp(math.cos(-200+q.anim_time*180)*-0.5,-1,0)", 0]
				},
				"leftLeg": {
					"rotation": ["0.5+math.cos(q.anim_time*180+45)*8", 0, 0],
					"position": [0, "-math.clamp(math.cos(-200+q.anim_time*180)*1,-1,0)", 0]
				},
				"head": {
					"rotation": ["math.cos(q.anim_time*180-45)*2", 0, 0]
				}
			}
		},
		"animation.eternalendermen.idle": {
			"loop": true,
			"bones": {
				"rightArm": {
			"rotation": [0, 0, "2.5+math.cos(q.anim_time*100+45)*3"]
				},
		"leftArm": {
			"rotation": [0, 0, "-5-math.cos(q.anim_time*100+45)*3"]
				},
	"head": {
					"rotation": ["math.cos(q.anim_time*90-45)*2", 0, 0]
		}
			}
		},
		"animation.eternalendermen.attack": {
			"animation_length": 2.29167,
			"bones": {
				"rightArm": {
					"rotation": {
						"0.0": [0, 0, 0],
						"0.0833": [-8.72, 0.05, -0.31],
						"0.375": [-73.51, 0.21, -1.41],
						"0.4583": [-89.38, 0.26, -1.72],
						"0.5": [-87.25517, 0.30317, -2.03381],
						"0.5833": [-83.96, 1.2, 9.05],
						"0.8333": [18.64, 3.34, 35.64],
						"0.9167": [29.38, 4.06, 44.51],
						"1.0": [36.21119, 4.77923, 53.37392],
						"1.125": [40.11, 4.78, 53.37],
						"1.25": [36.4, 4.78, 53.37],
						"1.375": [31.57, 4.78, 53.37],
						"1.5": [29.95, 4.78, 53.37],
						"1.5833": [31.39, 4.78, 53.37],
						"1.7083": [35.44, 4.78, 53.37],
						"1.8333": [38.77, 4.78, 53.37],
						"2.0": [36.21119, 4.77923, 53.37392],
						"2.0833": [31.14, 3.19, 35.58],
						"2.2083": [7.77, 1.59, 17.79],
						"2.2917": [0, 0, 0]
					}
				},
				"leftArm": {
					"rotation": {
						"0.0": [0, 0, 0],
						"0.0833": [-8.72, -0.05, 0.31],
						"0.375": [-73.51, -0.21, 1.41],
						"0.4583": [-89.38, -0.26, 1.72],
						"0.5": [-87.25517, -0.30317, 2.03381],
						"0.5833": [-83.96, -1.2, -9.05],
						"0.8333": [18.64, -3.34, -35.64],
						"0.9167": [29.38, -4.06, -44.51],
						"1.0": [36.21119, -4.77923, -53.37392],
						"1.125": [40.11, -4.78, -53.37],
						"1.25": [36.4, -4.78, -53.37],
						"1.375": [31.57, -4.78, -53.37],
						"1.5": [29.95, -4.78, -53.37],
						"1.5833": [31.39, -4.78, -53.37],
						"1.7083": [35.44, -4.78, -53.37],
						"1.8333": [38.77, -4.78, -53.37],
						"2.0": [36.21119, -4.77923, -53.37392],
						"2.0833": [31.14, -3.19, -35.58],
						"2.2083": [7.77, -1.59, -17.79],
						"2.2917": [0, 0, 0]
					}
				},
				"body": {
					"rotation": {
						"0.0": [0, 0, 0],
						"0.125": [-3.68, 0, 0],
						"0.4583": [-23.75, 0, 0],
						"0.5": [-25, 0, 0],
						"0.5833": [-22.2, 0, 0],
						"0.8333": [21.25, 0, 0],
						"0.9167": [27.4, 0, 0],
						"1.0417": [30, 0, 0],
						"1.2083": [29.1, 0, 0],
						"1.375": [28.44, 0, 0],
						"1.5417": [28.75, 0, 0],
						"1.7917": [30, 0, 0],
						"1.9167": [27.9, 0, 0],
						"2.0": [22.8, 0, 0],
						"2.125": [9, 0, 0],
						"2.2083": [2.5, 0, 0],
						"2.2917": [-0.2, 0, 0]
					}
				}
			}
		},
		"animation.eternalendermen.attack2": {
			"animation_length": 2.04167,
			"bones": {
				"body": {
					"rotation": {
						"0.0": {
							"post": [0, 0, 0],
							"lerp_mode": "catmullrom"
						},
						"0.0833": {
							"post": [32.25, 0, 0],
							"lerp_mode": "catmullrom"
						},
						"0.1667": {
							"post": [40, 0, 0],
							"lerp_mode": "catmullrom"
						},
						"1.5": {
							"post": [44, 0, 0],
							"lerp_mode": "catmullrom"
						},
						"1.5833": {
							"post": [45, 0, 0],
							"lerp_mode": "catmullrom"
						},
						"1.75": {
							"post": [-12.5, 0, 0],
							"lerp_mode": "catmullrom"
						},
						"1.875": {
							"post": [-12.5, 0, 0],
							"lerp_mode": "catmullrom"
						},
						"1.9583": {
							"post": [-9.65, 0, 0],
							"lerp_mode": "catmullrom"
						},
						"2.0417": {
							"post": [0, 0, 0],
							"lerp_mode": "catmullrom"
						}
					}
				},
				"rightArm": {
					"rotation": {
						"0.0": {
							"post": [0, 0, 0],
							"lerp_mode": "catmullrom"
						},
						"1.5833": {
							"post": [30, 0, 0],
							"lerp_mode": "catmullrom"
						},
						"1.7083": {
							"post": [-130, 0, 0],
							"lerp_mode": "catmullrom"
						},
						"1.7917": {
							"post": [-137.5, 0, 0],
							"lerp_mode": "catmullrom"
						},
						"1.875": {
							"post": [-152, 0, 0],
							"lerp_mode": "catmullrom"
						},
						"2.0417": {
							"post": [0, 0, 0],
							"lerp_mode": "catmullrom"
						}
					}
				},
				"leftArm": {
					"rotation": {
						"0.0": {
							"post": [0, 0, 0],
							"lerp_mode": "catmullrom"
						},
						"1.5833": {
							"post": [30, 0, 0],
							"lerp_mode": "catmullrom"
						},
						"1.7083": {
							"post": [-127.5, 0, 0],
							"lerp_mode": "catmullrom"
						},
						"1.7917": {
							"post": [-140, 0, 0],
							"lerp_mode": "catmullrom"
						},
						"1.875": {
							"post": [-152, 0, 0],
							"lerp_mode": "catmullrom"
						},
						"2.0417": {
							"post": [0, 0, 0],
							"lerp_mode": "catmullrom"
						}
					}
				},
				"head": {
					"rotation": {
						"0.0": {
							"post": [0, 0, 0],
							"lerp_mode": "catmullrom"
						},
						"0.75": {
							"post": [-17.11, 0, 0],
							"lerp_mode": "catmullrom"
						},
						"1.5833": {
							"post": [-20, 0, 0],
							"lerp_mode": "catmullrom"
						},
						"2.0417": {
							"post": [0, 0, 0],
							"lerp_mode": "catmullrom"
						}
					}
				},
				"rightLeg": {
					"rotation": ["-(math.cos(q.anim_time*1090)*40)", 0, 0]
				},
				"leftLeg": {
					"rotation": ["math.cos(q.anim_time*1090)*40", 0, 0]
				}
			}
		}
	}
}